imageID,Style1,Cat62,Cat113,Cat74,Cat25,Cat36,Cat57,Cat138,Cat129,Cat1310,Cat611,Cat1312,Cat1313,Cat314,Cat715,Cat1116,Cat1117,Cat118,Cat1319,Cat820,Cat121,Cat122,Cat123,Cat1324,Cat325,Cat826,Cat327,Cat1328,Cat829,Cat730,Cat231,Cat932,Cat1333,Cat234,Cat835,Cat936,Cat337,Cat338,Cat539,Cat940,Cat1341,Cat542,Cat543,Cat944,Cat1245,Cat946,Cat847,Cat1348,Cat549,Cat850,Cat251,Cat852,Cat553,Cat254,Cat455,Cat1256,Cat1257,Cat658,Cat1459,Cat560,Cat1261,Cat362,Cat263,Cat1264,Cat465,Cat466,Cat1467,Cat1468,Cat1269,Cat570,Cat271,Cat1072,Cat973,Cat1274,Cat775,Cat876,Cat577,Cat1078,Cat379,Cat680,Cat1381,Cat1482,Cat283,Cat1484,Cat1385,Cat986,Cat987,Cat788,Cat1389,Cat1290,Cat991,Cat1492,Cat693,Cat894,Cat895,Cat396,Cat1397,Cat1398,Cat1299,Cat12100,Cat12101,Cat6102,Cat3103,Cat1104,Cat13105,Cat13106,Cat12107,Cat12108,Cat12109,Cat2110,Cat5111,Cat12112,Cat1113,Cat4114,Cat4115,Cat2116,Cat8117,Cat2118,Cat3119,Cat1120,Cat1121,Cat3122,Cat1123,Cat6124,Cat2125,Cat6126,Cat3127,Cat4128,Cat13129,Cat8130,Cat7131,Cat12132,Cat2133,Cat8134,Cat5135,Cat5136,Cat12137,Cat5138,Cat6139,Cat3140,Cat5141,Cat13142,Cat9143,Cat14144,Cat14145,Cat14146,Cat14147,Cat9148,Cat12149,Cat12150,Cat12151,Cat4152,Cat5153,Cat13154,Cat5155,Cat2156,Cat4157,Cat4158,Cat3159,Cat6160,Cat13161,Cat3162,Cat14163,Cat4164,Cat4165,Cat5166,Cat6167,Cat13168,Cat13169,Cat6170,Cat5171,Cat3172,Cat8173,Cat9174,Cat12175,Cat13176,Cat8177,Cat5178,Cat5179,Cat2180,Cat3181,Cat12182,Cat12183,Cat12184,Cat12185,Cat13186,Cat5187,Cat2188,Cat14189,Cat9190,Cat7191,Cat1192,Cat2193,Cat2194,Cat12195,Cat12196,Cat2197,Cat5198,Cat8199,Cat3200,Cat2201,Cat12202,Cat10203,Cat2204,Cat5205,Cat12206,Cat14207,Cat5208,Cat5209,Cat5210,Cat9211,Cat14212,Cat4213,Cat3214,Cat7215,Cat8216,Cat1217,Cat7218,Cat7219,Cat13220,Cat10221,Cat1222,Cat13223,Cat1224,Cat12225,Cat1226,Cat1227,Cat11228,Cat3229,Cat3230,Cat6231,Cat8232,Cat5233,Cat3234,Cat6235,Cat3236,Cat3237,Cat1238,Cat12239,Cat11240,Cat7241,Cat3242,Cat13243,Cat12244,Cat12245,Cat10246,Cat10247,Cat10248,Cat10